NOMBRE;CAPITAL;BANDERA;POBLACION;MAPA
AFGANISTAN;KABUL;https://www.ecured.cu/images/f/f5/Bandera_de_Afganistan.jpg;27 611 000;https://images.mapsofworld.com/wp-content/uploads/2014/08/afghanistan-political-map.jpg
ALBANIA;TIRANA;https://www.geoenciclopedia.com/wp-content/uploads/2018/11/albania_250.jpg;2 874 000;https://espanol.mapsofworld.com/wp-content/uploads/2014/08/albania-political-map.jpg
ALEMANIA;BERL�N;https://i.pinimg.com/736x/94/fd/66/94fd6692e260f24e30ebe78a13fe9ad5.jpg;82 605 000;https://images.mapsofworld.com/wp-content/uploads/2011/09/Germany-Poltical-Map.jpg
ANDORRA;ANDORRA LA VIEJA;https://www.geoenciclopedia.com/wp-content/uploads/2018/11/andorra_250.jpg;79 000;https://espanol.mapsofworld.com/wp-content/uploads/2013/12/mapa-de-andorra.jpg
ANGOLA;LUANDA;https://www.geoenciclopedia.com/wp-content/uploads/2018/11/angola_250.jpg;28 276 000;https://espanol.mapsofworld.com/wp-content/uploads/2012/12/mapa-de-angola.jpg
ANTIGUA Y BARBUDA;SAINT JOHN'S;https://www.geoenciclopedia.com/wp-content/uploads/2018/11/Antigua-barbuda_250.jpg;91 000;https://espanol.mapsofworld.com/wp-content/uploads/2014/08/antigua-barbuda-political-map.jpg
ARABIA SAUDITA;RIAD;https://www.geoenciclopedia.com/wp-content/uploads/2018/11/arabia-saudita_250.jpg;32 620 000;https://images.mapsofworld.com/wp-content/uploads/2014/12/arabia-saudita-mapa-pol%C3%ADtico.jpg
ARGELIA;ARGEL;https://www.geoenciclopedia.com/wp-content/uploads/2018/11/Argelia_250.jpg;41 323 000;https://espanol.mapsofworld.com/wp-content/uploads/2012/09/mapa-de-argelia.jpg
ARGENTINA;BUENOS AIRES;https://www.geoenciclopedia.com/wp-content/uploads/2018/11/argentina_250.jpg;43 823 000;https://espanol.mapsofworld.com/wp-content/uploads/2011/09/mapa-de-argentina.gif
ARMENIA;EREV�N;https://www.geoenciclopedia.com/wp-content/uploads/2018/11/armenia_250.jpg;2 993 000;https://espanol.mapsofworld.com/wp-content/uploads/2013/12/armenia-mapa.jpg
AUSTRALIA;CANBERRA;https://www.geoenciclopedia.com/wp-content/uploads/2018/11/australia_250.jpg;24 260 000;https://espanol.mapsofworld.com/wp-content/uploads/2011/09/mapa-de-australia.jpg
AUSTRIA;VIENA;https://www.geoenciclopedia.com/wp-content/uploads/2018/11/austria_250.jpg;8 787 000;https://images.mapsofworld.com/wp-content/uploads/2013/12/Austria-Political-Map.jpg
AZERBAIY�N;BAK�;https://www.geoenciclopedia.com/wp-content/uploads/2018/11/Azerbaiyan_250.jpg;9829000;https://images.mapsofworld.com/wp-content/uploads/2014/08/azerbaijan-political-map.jpg
BAHAMAS;NASSAU;https://www.geoenciclopedia.com/wp-content/uploads/2018/11/Bahamas_250.jpg;375 000;https://espanol.mapsofworld.com/wp-content/uploads/2014/08/The-Bahamas-Political-Map.jpg 
BANGLAD�S;DACA;https://www.geoenciclopedia.com/wp-content/uploads/2018/11/Banglades_250.jpg;162 039 000;https://images.mapsofworld.com/wp-content/uploads/2014/08/bangladesh-political-map.jpg 
BARBADOS;BRIDGETOWN;https://www.geoenciclopedia.com/wp-content/uploads/2018/11/barbados_250.jpg;284 000;https://espanol.mapsofworld.com/wp-content/uploads/2014/08/barbados-political-map.jpg 
BAR�IN;MANAM�;https://www.geoenciclopedia.com/wp-content/uploads/2018/11/Barein_250.jpg;1 981 000;https://images.mapsofworld.com/wp-content/uploads/2014/08/Bahrain-political-map.jpg 
B�LGICA;BRUSELAS;https://static.vecteezy.com/system/resources/previews/000/403/808/non_2x/illustration-of-belgium-flag-vector.jpg;11 359 000;https://espanol.mapsofworld.com/wp-content/uploads/2013/12/mapa-belgica.jpg 
BELICE;BELMOP�N;https://www.geoenciclopedia.com/wp-content/uploads/2018/11/Belice_250.jpg;382 000;https://espanol.mapsofworld.com/wp-content/uploads/2011/09/mapa-politico-de-belice.jpg 
BENIN;PORTO-NOVO;https://www.geoenciclopedia.com/wp-content/uploads/2018/11/Benin_250.jpg;11 362 000;https://www.mapsofworld.com/benin/maps/benin-political-map.jpg 
BIELORRUSIA;MINSK;https://www.geoenciclopedia.com/wp-content/uploads/2018/11/bilorusia_250.jpg;9 508 000;https://images.mapsofworld.com/wp-content/uploads/2014/12/bielorrusia-mapa-pol%C3%ADtico.jpg 
BOLIVIA;SUCRE, LA PAZ;https://www.geoenciclopedia.com/wp-content/uploads/2018/11/bolivia_250.jpg;11 066 000;https://espanol.mapsofworld.com/maps/bolivia-political.jpg 
BOSNIA Y HERZEGOVINA;SARAJEVO;https://www.geoenciclopedia.com/wp-content/uploads/2018/11/bosnia_250.jpg;3 424 000;https://images.mapsofworld.com/wp-content/uploads/2014/12/bosnia-y-herzegovina-mapa-politico.jpg 
BOTSUANA;GABERONES;https://www.geoenciclopedia.com/wp-content/uploads/2018/11/botsuana_250.jpg;2 247 000;https://www.mapsofworld.com/botswana/maps/botswana-political-map.jpg 
BRASIL;BRASILIA;https://www.geoenciclopedia.com/wp-content/uploads/2018/11/brasil_250.jpg;207 012 000;https://espanol.mapsofworld.com/wp-content/uploads/2011/09/mapa-brasil.jpg 
BRUNEI;BANDAR SERI BEGAWAN;https://www.geoenciclopedia.com/wp-content/uploads/2018/11/Brunei_250.jpg;425 000;https://images.mapsofworld.com/wp-content/uploads/2014/08/brunei-political-map.jpg 
BULGARIA;SOFIA;https://www.geoenciclopedia.com/wp-content/uploads/2018/11/Bulgaria_250.jpg;7 110 000;https://espanol.mapsofworld.com/wp-content/uploads/2013/12/bulgaria-mapa.jpg 
BURKINA FASO;UAGADUG�;https://www.geoenciclopedia.com/wp-content/uploads/2018/11/Burkina-Faso_250.jpg;19 344 000;https://images.mapsofworld.com/wp-content/uploads/2015/06/burkina-faso-map.jpg 
BURUNDI;BUYUMBURA;https://www.geoenciclopedia.com/wp-content/uploads/2018/11/Burundi_250.jpg;10 261 000;https://www.mapsofworld.com/burundi/maps/burundi-political-map.jpg 
BUTAN;TIMBU;https://www.geoenciclopedia.com/wp-content/uploads/2018/11/butan_250.jpg;781 000;https://images.mapsofworld.com/wp-content/uploads/2014/08/Bhutan-Political.jpg 
CABO VERDE;PRAIA;https://www.geoenciclopedia.com/wp-content/uploads/2018/11/cabo-verde_250.jpg;536 000;https://espanol.mapsofworld.com/wp-content/uploads/2013/12/cabo-verde-mapa.jpg
CAMBOYA;PNON PEHN;https://www.geoenciclopedia.com/wp-content/uploads/2018/11/camboya_250.jpg;15 402 000;https://images.mapsofworld.com/wp-content/uploads/2014/08/cambodia-political-map.jpg 
CAMERUN;YAUND�;https://www.geoenciclopedia.com/wp-content/uploads/2018/11/camerun_250.jpg;23 372 000;https://www.mapsofworld.com/cameroon/maps/cameroon-political-map.jpg 
CANADA;OTTAWA;https://www.geoenciclopedia.com/wp-content/uploads/2018/11/canada_250.jpg;36 477 000;https://images.mapsofworld.com/wp-content/uploads/2012/08/Canada-Political-Map.jpg 
CATAR;DOHA;https://www.banderas.pro/banderas/bandera-qatar-1.gif;2 651 000;https://i.pinimg.com/originals/aa/bd/f3/aabdf306268b8277f9774113f08270ce.gif 
CHAD;YAMENA;https://www.geoenciclopedia.com/wp-content/uploads/2018/11/chad_250.jpg;14 415 000;https://www.mapsofworld.com/chad/maps/chad-political-map.jpg 
CHILE;SANTIAGO DE CHILE;https://www.geoenciclopedia.com/wp-content/uploads/2018/11/chile_250.jpg;18 286 000;https://images.mapsofworld.com/wp-content/uploads/2011/09/chile-political-map.jpg 
CHINA;PEKIN;https://www.geoenciclopedia.com/wp-content/uploads/2018/11/china_250.jpg;1 380 996 000;https://images.mapsofworld.com/wp-content/uploads/2012/06/china-political-1.jpg 
CHIPRE;NICOSIA;https://www.geoenciclopedia.com/wp-content/uploads/2018/11/chipre_250.jpg;850 000;https://espanol.mapsofworld.com/wp-content/uploads/2013/12/chipre-mapa.jpg 
COLOMBIA;BOGOTA;https://www.lifeder.com/wp-content/uploads/2017/04/bandera-colombia-1280x720.jpg;49 067 000;https://www.mapsofworld.com/lat_long/maps/Colombia-lat-long.jpg 
COMORAS;MORONI;https://www.geoenciclopedia.com/wp-content/uploads/2018/11/Comoras_250.jpg;817 000;https://www.mapsofworld.com/comoros/maps/comoros-map.jpg 
COREA DEL NORTE;PIONYANG;https://www.geoenciclopedia.com/wp-content/uploads/2018/11/corea-del-norte_250.jpg;24 284 000;https://espanol.mapsofworld.com/wp-content/uploads/2013/12/mapa-de-corea-del-norte.jpg 
COREA DEL SUR;SEUL;https://www.geoenciclopedia.com/wp-content/uploads/2018/11/corea_250.jpg;51 670 000;https://espanol.mapsofworld.com/wp-content/uploads/2013/12/mapa-de-corea-del-sur.jpg 
COSTA DE MARFIL;YAMUSUKRO, ABIY�N;https://www.geoenciclopedia.com/wp-content/uploads/2018/11/costa-de-marfil_250.jpg;24 230 000;https://www.mapsofworld.com/cote-divoire/maps/cote-dlvorie-political-map.jpg 
COSTA RICA;SAN JOS�;https://www.geoenciclopedia.com/wp-content/uploads/2018/11/costa-rica_250.jpg; 4 949 000;https://espanol.mapsofworld.com/wp-content/uploads/2011/09/mapa-de-costa-rica.gif 
CROACIA;ZAGREB;https://www.geoenciclopedia.com/wp-content/uploads/2018/11/croacia_250.jpg;4 175 000;https://images.mapsofworld.com/wp-content/uploads/2013/12/Croatia-Political-Map.jpg 
CUBA;LA HABANA;https://www.geoenciclopedia.com/wp-content/uploads/2018/11/cuba_250.jpg;11 240 000;https://espanol.mapsofworld.com/wp-content/uploads/2013/05/mapa-de-cuba.jpg 
DINAMARCA;COPENHAGUE;https://www.geoenciclopedia.com/wp-content/uploads/2018/11/dinamarca_250.jpg;5 753 000;https://espanol.mapsofworld.com/wp-content/uploads/2013/12/dinamarca-mapa.jpg 
DOMINICA;ROSEAU;https://www.geoenciclopedia.com/wp-content/uploads/2018/11/dominica_250.jpg;71 000;https://espanol.mapsofworld.com/wp-content/uploads/2014/08/dominica-political-map.jpg 
ECUADOR;QUITO;https://ecuadornoticias.com/wp-content/uploads/imagen-bandera-ecuador-1024x657.jpg;16 656 000;https://espanol.mapsofworld.com/wp-content/uploads/2011/09/mapa-de-ecuador.jpg 
EGIPTO;EL CAIRO;https://www.geoenciclopedia.com/wp-content/uploads/2018/11/egipto_250.jpg;92 216 000;https://espanol.mapsofworld.com/wp-content/uploads/2013/05/mapa-de-egipto.jpg 
EL SALVADOR;SAN SALVADOR;https://www.geoenciclopedia.com/wp-content/uploads/2018/11/el-salvador_250.jpg;6 551 000;https://espanol.mapsofworld.com/wp-content/uploads/2011/09/mapa-de-el-salvador1.jpg 
EMIRATOS ARABES UNIDOS;ABU DABI;https://www.geoenciclopedia.com/wp-content/uploads/2018/11/emiratos-arabes-unidos_250.jpg;9 082 000;https://images.mapsofworld.com/wp-content/uploads/2015/06/united-arab-emirates-political-map.jpg
ERITREA;ASMARA;https://www.geoenciclopedia.com/wp-content/uploads/2018/11/Eritrea_250.jpg;7 472 000;https://www.mapsofworld.com/eritrea/maps/eritrea-political-map.jpg 
ESLOVAQUIA;BRATISLAVA;https://www.geoenciclopedia.com/wp-content/uploads/2018/11/Eslovaquia_250.jpg;5 433 000;https://images.mapsofworld.com/wp-content/uploads/2014/08/slovakia-political-map.jpg
ESLOVENIA;LUBLIJANA;https://www.geoenciclopedia.com/wp-content/uploads/2018/11/Eslovenia_250.jpg;2 066 000;https://espanol.mapsofworld.com/wp-content/uploads/2013/12/eslovenia-mapa.jpg 
ESPA�A;MADRID;https://www.geoenciclopedia.com/wp-content/uploads/2018/11/espana_250.jpg;46 491 000;https://images.mapsofworld.com/wp-content/uploads/2013/04/spain-political-map.jpg 
ESTADOS UNIDOS;WASHINGTON D. C.;https://www.geoenciclopedia.com/wp-content/uploads/2018/11/estados-unidos_250.jpg;325 318 000;https://images.mapsofworld.com/wp-content/uploads/2011/09/USA-State-Capital-Map-new.jpg 
ESTONIA;TALL�N;https://www.geoenciclopedia.com/wp-content/uploads/2018/11/Estonia_250.jpg;1 316 000;https://images.mapsofworld.com/wp-content/uploads/2015/01/estonia-mapa-politico.jpg 
ETIOP�A;AD�S ABEBA;https://www.geoenciclopedia.com/wp-content/uploads/2018/11/Etiopia_250.jpg;93 296 000;https://www.mapsofworld.com/ethiopia/maps/ethiopia-map.jpg 
FILIPINAS;MANILA;https://www.geoenciclopedia.com/wp-content/uploads/2018/11/filipinas_250.jpg;103 456 000;https://espanol.mapsofworld.com/wp-content/uploads/2013/12/filipinas-mapa.jpg 
FINLANDIA;HELSINKI;https://static.vecteezy.com/system/resources/previews/000/392/059/non_2x/vector-illustration-of-finland-flag.jpg; 5 505 000;https://espanol.mapsofworld.com/wp-content/uploads/2013/12/finlandia-mapa.jpg 
FIYI;SUVA;https://www.geoenciclopedia.com/wp-content/uploads/2018/11/fiyi_250.jpg;883 000;https://www.mapsofworld.com/fiji/maps/fiji-map.jpg 
FRANCIA;PAR�S;https://www.geoenciclopedia.com/wp-content/uploads/2018/11/francia_250.jpg;64 765 000;https://images.mapsofworld.com/wp-content/uploads/2012/05/france.jpg 
GAB�N;LIBREVILLE;https://www.geoenciclopedia.com/wp-content/uploads/2018/11/gabon_250.jpg;1 920 000;https://espanol.mapsofworld.com/wp-content/uploads/2013/02/mapa-de-gabon.jpg 
GAMBIA;BANJUL;https://www.geoenciclopedia.com/wp-content/uploads/2018/11/gambia_250.jpg;2 124 000;https://images.mapsofworld.com/wp-content/uploads/2015/04/gambia-political.jpg 
GEORGIA;TIFLIS;https://www.geoenciclopedia.com/wp-content/uploads/2018/11/Georgia_250.jpg; 3 713 000;https://images.mapsofworld.com/wp-content/uploads/2014/08/georgia-political-map.jpg 
GHANA;ACCRA;https://www.geoenciclopedia.com/wp-content/uploads/2018/11/ghana_250.jpg;28 635 000;https://images.mapsofworld.com/wp-content/uploads/2015/03/Ghana-Political-Map.jpg 
GRANADA;SAINT GEORGE'S;https://www.geoenciclopedia.com/wp-content/uploads/2018/11/granada_250.jpg;104 000;https://espanol.mapsofworld.com/wp-content/uploads/2014/08/grenada-political-map.jpg 
GRECIA;ATENAS;https://www.geoenciclopedia.com/wp-content/uploads/2018/11/grecia_250.jpg;11 548 000;https://images.mapsofworld.com/wp-content/uploads/2013/05/greece-political.jpg 
GUATEMALA;CIUDAD DE GUATEMALA;https://www.geoenciclopedia.com/wp-content/uploads/2018/11/guatemala_250.jpg;16 896 000;https://espanol.mapsofworld.com/wp-content/uploads/2011/08/mapa-de-guatemala.jpg 
GUINEA;CONAKRY;https://www.geoenciclopedia.com/wp-content/uploads/2018/11/guinea_250.jpg;11 187 000;https://www.mapsofworld.com/guinea/maps/guinea-political-map.jpg 
GUINEA ECUATORIAL;MALABO;https://www.geoenciclopedia.com/wp-content/uploads/2018/11/guinea-ecuatorial_250.jpg; 1 247 000;https://www.mapsofworld.com/equatorial-guinea/maps/equatorial-guinea-political-map.jpg 
GUINEA-BISSAU;BISSAU;https://www.geoenciclopedia.com/wp-content/uploads/2018/11/guinea-bisau_250.jpg; 1 575 000;http://mapsofworld.com/guinea-bissau/maps/guinea-bissau-political-map.jpg 
GUYANA;GEORGETOWN;https://www.geoenciclopedia.com/wp-content/uploads/2018/11/guyana_250.jpg;746 000;https://www.mapsofworld.com/guyana/maps/guyana-political-map.jpg 
HAIT�;PUERTO PR�NCIPE;https://www.geoenciclopedia.com/wp-content/uploads/2018/11/haiti_250.jpg;11 284 000;https://espanol.mapsofworld.com/wp-content/uploads/2014/08/haiti-political-map.jpg 
HONDURAS;TEGUCIGALPA;https://www.geoenciclopedia.com/wp-content/uploads/2018/11/honduras_250.jpg;8 795 000;https://espanol.mapsofworld.com/wp-content/uploads/2011/09/mapa-politico-de-honduras.jpg 
HUNGRIA;BUDAPEST;https://www.geoenciclopedia.com/wp-content/uploads/2018/11/Hungria_250.jpg;9 805 000;https://espanol.mapsofworld.com/wp-content/uploads/2014/01/hungria-mapa.jpg 
INDIA;NUEVA DELHI;https://www.geoenciclopedia.com/wp-content/uploads/2018/11/india_250.jpg;1 331 793 000;https://espanol.mapsofworld.com/wp-content/uploads/2013/06/mapa-de-india.gif
INDONESIA;YAKARTA;https://www.geoenciclopedia.com/wp-content/uploads/2018/11/Indonesia_250.jpg;260 238 000;https://espanol.mapsofworld.com/wp-content/uploads/2013/12/indonesia-mapa.jpg 
IRAN;TEHERAN;https://www.geoenciclopedia.com/wp-content/uploads/2018/11/iran_250.jpg;80 310 000;https://images.mapsofworld.com/wp-content/uploads/2014/08/iran-political-map.jpg
IRAQ;BAGDAD;https://www.geoenciclopedia.com/wp-content/uploads/2018/11/iraq_250.jpg;38 370 000;https://images.mapsofworld.com/wp-content/uploads/2014/08/Iraq-Political-Map.jpg 
IRLANDA;DUBLIN;https://www.geoenciclopedia.com/wp-content/uploads/2018/11/irlanda_250.jpg;4 809 000;https://images.mapsofworld.com/wp-content/uploads/2013/05/irlanda-mapa-pol%C3%ADtico.jpg
ISLANDIA;REIKIAVIK;https://www.geoenciclopedia.com/wp-content/uploads/2018/11/islandia_250.jpg;336 000;https://espanol.mapsofworld.com/wp-content/uploads/2013/12/islandia-mapa.jpg
ISLAS MARSHALL;MAJURO;https://upload.wikimedia.org/wikipedia/commons/thumb/2/2e/Flag_of_the_Marshall_Islands.svg/1200px-Flag_of_the_Marshall_Islands.svg.png;55 000;https://www.mapsofworld.com/marshall-islands/maps/marshall-island-map.jpg
ISLAS SALOMON;HONIARA;https://upload.wikimedia.org/wikipedia/commons/thumb/7/74/Flag_of_the_Solomon_Islands.svg/1200px-Flag_of_the_Solomon_Islands.svg.png;663 000;https://www.mapsofworld.com/solomon-islands/maps/solomon-islands-map.jpg 
ISRAEL;JERUSALEN;https://www.geoenciclopedia.com/wp-content/uploads/2018/11/israel_250.jpg;8 630 000;https://espanol.mapsofworld.com/wp-content/uploads/2013/05/israel-mapa.jpg 
ITALIA;ROMA;https://www.geoenciclopedia.com/wp-content/uploads/2018/11/italia_250.jpg;60 674 000;https://espanol.mapsofworld.com/wp-content/uploads/2013/12/mapa-de-italia-provincias.jpg 
JAMAICA;KINGSTON;https://www.geoenciclopedia.com/wp-content/uploads/2018/11/jamaica_250.jpg;2 735 000;https://espanol.mapsofworld.com/wp-content/uploads/2013/12/jamaica-mapa.jpg 
JAPON;TOKIO;https://www.geoenciclopedia.com/wp-content/uploads/2018/11/japon_250.jpg;126 905 000;https://espanol.mapsofworld.com/wp-content/uploads/2012/06/mapa-de-japon.jpg 
JORDANIA;AMM�N;https://www.geoenciclopedia.com/wp-content/uploads/2018/11/jordania_250.jpg;10 131 000;https://images.mapsofworld.com/wp-content/uploads/2014/08/jordan-political-map.jpg 
KAZAJISTAN;ASTAN�;https://www.geoenciclopedia.com/wp-content/uploads/2018/11/kazajastan_250.jpg;17 926 000;https://images.mapsofworld.com/wp-content/uploads/2014/09/kazakhstan-political-map.jpg 
KENIA;NAIROBI;https://www.geoenciclopedia.com/wp-content/uploads/2018/11/kenia_250.jpg;45 958 000;https://www.mapsofworld.com/kenya/maps/kenya-political-map.jpg 
KIRGUISTAN;BISKEK;https://www.geoenciclopedia.com/wp-content/uploads/2018/11/Kirgistan_250.jpg;6 123 000;https://thumbs.dreamstime.com/z/mapa-pol%C3%ADtico-de-kirguist%C3%A1n-105042498.jpg
KIRIBATI;TARAWA;https://www.geoenciclopedia.com/wp-content/uploads/2018/11/kiribati_250.jpg;117 000;https://www.mapsofworld.com/kiribati/maps/kiribati-political-map.jpg
KUWAIT;CIUDAD DE KUWAIT;https://www.geoenciclopedia.com/wp-content/uploads/2018/11/kuwait_250.jpg;4 406 000;https://images.mapsofworld.com/wp-content/uploads/2014/09/kuwait-political-map.jpg
LAOS;VIENTI�N;https://www.geoenciclopedia.com/wp-content/uploads/2018/11/laos_250.jpg;6 666 000;https://images.mapsofworld.com/wp-content/uploads/2014/09/laos-political-map.jpg
LESOTO;MASERU;https://www.geoenciclopedia.com/wp-content/uploads/2018/11/lesoto_250.jpg;1 913 000;https://www.mapsofworld.com/lesotho/maps/lesotho-political-map.jpg
LETONIA;RIGA;https://www.geoenciclopedia.com/wp-content/uploads/2018/11/Letonia_250.jpg;1 953 000;https://images.mapsofworld.com/wp-content/uploads/2014/08/latvia-political-map.jpg
L�BANO;BEIRUT;https://www.geoenciclopedia.com/wp-content/uploads/2018/11/libano_250.jpg;5 708 000;https://images.mapsofworld.com/wp-content/uploads/2014/09/lebanon-political-map.jpg
LIBERIA;MONROVIA;https://www.geoenciclopedia.com/wp-content/uploads/2018/11/liberia_250.jpg;4 176 000;https://images.mapsofworld.com/wp-content/uploads/2015/03/Liberia-Political-Map.jpg
LIBIA;TR�POLI;https://www.geoenciclopedia.com/wp-content/uploads/2018/11/libia-sm_250.jpg;6 365 000;https://www.ecured.cu/images/6/69/Mapa_de_LIBIA.jpg
LIECHTENSTEIN;VADUZ;https://www.geoenciclopedia.com/wp-content/uploads/2018/11/lichtenstein_250.jpg;38 000;https://images.mapsofworld.com/wp-content/uploads/2014/08/liechtenstein-political-map.jpg
LITUANIA;VILNA;https://www.geoenciclopedia.com/wp-content/uploads/2018/11/Lituania_250.jpg;2 851 000;https://images.mapsofworld.com/wp-content/uploads/2014/08/lithuania-political-map.jpg
LUXEMBURGO;LUXEMBURGO;https://www.geoenciclopedia.com/wp-content/uploads/2018/11/Luxemburgo_250.jpg;590 000.;https://espanol.mapsofworld.com/wp-content/uploads/2013/12/luxemburgo-mapa.jpg
MADAGASCAR;ANTANANARIVO;https://www.geoenciclopedia.com/wp-content/uploads/2018/11/madagascar_250.jpg;23 990 000;https://www.mapsofworld.com/madagascar/maps/madagascar-political-map.jpg
MALASIA;KUALA LUMPUR;https://www.geoenciclopedia.com/wp-content/uploads/2018/11/malasia_250.jpg;31 723 000;https://images.mapsofworld.com/wp-content/uploads/2014/09/malaysia-political-map.jpg
MALAUI;LILONG�E;https://www.geoenciclopedia.com/wp-content/uploads/2018/11/Malawi_250.jpg;17 098 000;https://www.mapsofworld.com/malawi/maps/malawi-political-map.jpg
MALDIVAS;MAL�;https://www.geoenciclopedia.com/wp-content/uploads/2018/11/maldivas_250.jpg;354 000;https://images.mapsofworld.com/wp-content/uploads/2014/09/maldives-political-map.jpg
MALI;BAMAKO;https://www.geoenciclopedia.com/wp-content/uploads/2018/11/mali_250.jpg;18 955 000;https://www.mapsofworld.com/mali/maps/mali-political-map.jpg
MALTA;LA VALETA;https://www.geoenciclopedia.com/wp-content/uploads/2018/11/malta_250.jpg;437 000;https://espanol.mapsofworld.com/wp-content/uploads/2013/12/malta-mapa.jpg
MARRUECOS;RABAT;https://www.geoenciclopedia.com/wp-content/uploads/2018/11/marruecos_250.jpg;34 310 000;https://espanol.mapsofworld.com/wp-content/uploads/2013/01/mapa-de-marruecos.jpg
MAURICIO;PORT LOUIS;https://www.geoenciclopedia.com/wp-content/uploads/2018/11/mauricio_250.jpg;1 266 000;https://espanol.mapsofworld.com/wp-content/uploads/2013/12/isla-mauricio-mapa.jpg
MAURITANIA;NUAKCHOT;https://www.geoenciclopedia.com/wp-content/uploads/2018/11/mauritania_250.jpg;3 763 000;https://www.mapsofworld.com/mauritania/maps/mauritania-political-map.jpg
M�XICO;M�XICO D. F.;https://www.geoenciclopedia.com/wp-content/uploads/2018/11/mexico_250.jpg;122 916 000;https://espanol.mapsofworld.com/wp-content/uploads/2011/11/mapa-de-mexico.jpg
MICRONESIA;PALIKIR;https://www.geoenciclopedia.com/wp-content/uploads/2018/11/Micronesia_250.jpg;105 000.;https://i.pinimg.com/originals/40/8a/d2/408ad233bf7fa71488c721434be3ef5a.jpg
MOLDAVIA;CHISINAU;https://www.geoenciclopedia.com/wp-content/uploads/2018/11/Moldavia_250.jpg;3 569 000;https://images.mapsofworld.com/wp-content/uploads/2014/08/moldova-political-map.jpg
M�NACO;M�NACO;https://www.geoenciclopedia.com/wp-content/uploads/2018/11/monaco_250.jpg;39 000;https://images.mapsofworld.com/wp-content/uploads/2015/01/monaco-mapa-politico.jpg
MONGOLIA;ULAN BATOR;https://www.geoenciclopedia.com/wp-content/uploads/2018/11/mongolia_250.jpg;3 131 000;https://images.mapsofworld.com/wp-content/uploads/2014/09/mongolia-political-map.jpg
MONTENEGRO;PODGORICA;https://www.geoenciclopedia.com/wp-content/uploads/2018/11/Montenegro_250.jpg;622 000;https://images.mapsofworld.com/wp-content/uploads/2014/08/montenegro-political-map.jpg
MOZAMBIQUE;MAPUTO;https://www.geoenciclopedia.com/wp-content/uploads/2018/11/mozambique_250.jpg;26 780 000;https://www.mapsofworld.com/mozambique/maps/mozambique-political-map.jpg
MYANMAR (BIRMANIA);NAYPYIDAW;https://www.geoenciclopedia.com/wp-content/uploads/2018/11/Birmania-Myanmar_250.jpg;53 247 000;https://images.mapsofworld.com/wp-content/uploads/2014/09/burma-political-map.jpg
NAMIBIA;WINDHOEK;https://www.geoenciclopedia.com/wp-content/uploads/2018/11/namibia_250.jpg;2 350 000;https://www.mapsofworld.com/namibia/maps/namibia-map.jpg
NAURU;YAREN;https://www.geoenciclopedia.com/wp-content/uploads/2018/11/nauru_250.jpg;11 000;https://i.pinimg.com/originals/17/d5/77/17d577cd038bd57c34f90545a8b467ea.jpg
NEPAL;KATMAND�;https://www.banderasdelmundo.net/wp-content/uploads/2019/08/nepal-bandera.jpg;28 633 000;https://images.mapsofworld.com/wp-content/uploads/2014/09/nepal-political-map.jpg
NICARAGUA;MANAGUA;https://www.geoenciclopedia.com/wp-content/uploads/2018/11/nicaragua_250.jpg;6 361 000;https://espanol.mapsofworld.com/wp-content/uploads/2011/09/mapa-de-nicaragua.jpg
N�GER;NIAMEY;https://www.geoenciclopedia.com/wp-content/uploads/2018/11/niger_250.jpg;19 989 000;https://thumbs.dreamstime.com/z/mapa-pol%C3%ADtico-de-niger-103301859.jpg
NIGERIA;ABUYA;https://www.geoenciclopedia.com/wp-content/uploads/2018/11/nigeria_250.jpg;191 182 000;https://c7.alamy.com/compes/gcrcb1/vectores-mapa-administrativo-y-politico-de-la-republica-federal-de-nigeria-gcrcb1.jpg
NORUEGA;OSLO;https://www.geoenciclopedia.com/wp-content/uploads/2018/11/noruega_250.jpg;5 265 000;https://espanol.mapsofworld.com/wp-content/uploads/2013/12/mapa-de-noruega.jpg
NUEVA ZELANDA;WELLINGTON;https://www.geoenciclopedia.com/wp-content/uploads/2018/11/nueva-zelanda_250.jpg; 4 731 000;https://espanol.mapsofworld.com/wp-content/uploads/2013/12/nueva-zelanda-mapa.jpg
OM�N;MASCATE;https://www.geoenciclopedia.com/wp-content/uploads/2018/11/Oman_250.jpg;4 575 000;https://thumbs.dreamstime.com/z/sultanato-de-om%C3%A1n-mapa-del-vector-94864572.jpg
PA�SES BAJOS;AMSTERDAM;https://www.geoenciclopedia.com/wp-content/uploads/2018/11/paises-bajos_250.jpg;17 095 000;https://images.mapsofworld.com/wp-content/uploads/2013/12/mapa-de-holanda1.jpg
PAKIST�N;ISLAMABAD;https://www.geoenciclopedia.com/wp-content/uploads/2018/11/pakistan_250.jpg;201 576 000;https://previews.123rf.com/images/lesniewski/lesniewski1411/lesniewski141100108/33620378-mapa-pakist%C3%A1n.jpg
PALAOS;MELEKEOK;https://www.geoenciclopedia.com/wp-content/uploads/2018/11/Palau_250.jpg;18 000;https://www.mapsofworld.com/palau/maps/palau-map.jpg
PALESTINA;RAMALA;https://www.geoenciclopedia.com/wp-content/uploads/2018/11/palestina_250.jpg;5  052 000 000;http://3.bp.blogspot.com/_Ssb71exUHBI/TSr3nlgMnpI/AAAAAAAADwM/7N4PBRlin9c/s400/Palestina%2B3.jpg
PANAM�;CIUDAD DE PANAM�;https://www.geoenciclopedia.com/wp-content/uploads/2018/11/panama_250.jpg;3 842 000;https://images.mapsofworld.com/wp-content/uploads/2011/09/panama-mapa.jpg
PAP�A NUEVA GUINEA;PORT MORESBY;https://www.geoenciclopedia.com/wp-content/uploads/2018/11/papua-nueva-guinea_250.jpg;8 246 000;https://previews.123rf.com/images/peterhermesfurian/peterhermesfurian1408/peterhermesfurian140800042/30642158-pap%C3%BAa-nueva-guinea-mapa-pol%C3%ADtico-con-el-capital-port-moresby-las-fronteras-nacionales-las-ciudades-m%C3%A1s-impor.jpg
PARAGUAY;ASUNCI�N;https://www.ngenespanol.com/wp-content/uploads/2018/08/%C2%BFSabes-por-qu%C3%A9-la-bandera-de-Paraguay-es-%C3%BAnica-en-Am%C3%A9rica.jpg;6 905 000;https://images.mapsofworld.com/wp-content/uploads/2011/09/paraguay-political-map.jpg
PER�;LIMA;https://www.hdfondos.net/file/1839/728x410/16:9/bandera-del-peru-escudo_2122175787.jpg;31 660 000;https://espanol.mapsofworld.com/wp-content/uploads/2011/09/mapa-del-peru.jpg
POLONIA;VARSOVIA;https://www.geoenciclopedia.com/wp-content/uploads/2018/11/polonia_250.jpg;38 370 000;https://images.mapsofworld.com/wp-content/uploads/2013/12/mapa-de-polonia1.jpg
PORTUGAL;LISBOA;https://www.geoenciclopedia.com/wp-content/uploads/2018/11/portugal_250.jpg;10 265 000;https://espanol.mapsofworld.com/wp-content/uploads/2013/05/portugal-mapa.jpg
PUERTO RICO;SAN JUAN;https://thumb7.shutterstock.com/thumb_large/1764551/182651771/stock-vector-puerto-rico-flag-182651771.jpg;3 194 000 000;https://espanol.mapsofworld.com/wp-content/uploads/2013/12/mapa-de-puerto-rico.jpg
REINO UNIDO;LONDRES;https://www.geoenciclopedia.com/wp-content/uploads/2018/11/reino-unido_250.jpg;65 893 000;https://previews.123rf.com/images/dikobrazik/dikobrazik1710/dikobrazik171000407/88221519-mapa-de-reino-unido-ilustraci%C3%B3n-vectorial-detallada.jpg
REP�BLICA CENTROAFRICANA;BANGUI;https://www.geoenciclopedia.com/wp-content/uploads/2018/11/Central-Africa-Republica_250.jpg;5 048 000;https://images.mapsofworld.com/wp-content/uploads/2015/06/central-african-republic-political-map.jpg
REP�BLICA CHECA;PRAGA;https://www.geoenciclopedia.com/wp-content/uploads/2018/11/republica-checa_250.jpg;10 573 000;https://i.pinimg.com/originals/df/13/19/df131954e7d69f04f666c193ba4f4104.jpg
REP�BLICA DE MACEDONIA;SKOPJE;https://www.geoenciclopedia.com/wp-content/uploads/2018/11/macedonia_250.jpg;4 920 000;https://espanol.mapsofworld.com/wp-content/uploads/2013/12/macedonia-mapa.jpg
REP�BLICA DEL CONGO;BRAZZAVILLE;https://www.geoenciclopedia.com/wp-content/uploads/2018/11/Rep_democratica_congo_250.jpg;74 185 000;https://i.pinimg.com/originals/03/93/71/039371b8f063cdd4eb7a9dac0582b20d.gif
REP�BLICA DEMOCR�TICA DEL CONGO;KINSHASA;https://www.geoenciclopedia.com/wp-content/uploads/2018/11/Rep_democratica_congo_250.jpg;4 920 000;https://espanol.mapsofworld.com/wp-content/uploads/2012/10/mapa-de-la-republica-democr%C3%A1tica-del-congo.jpg
REP�BLICA DOMINICANA;SANTO DOMINGO;https://www.geoenciclopedia.com/wp-content/uploads/2018/11/dominicana-republica_250.jpg;10 123 000;https://espanol.mapsofworld.com/wp-content/uploads/2013/12/mapa-republica-dominicana.jpg
REP�BLICA SAHARAUI;EL AAI�N;https://www.geoenciclopedia.com/wp-content/uploads/2018/11/dominicana-republica_250.jpg;10 073 000;https://www.mapsofworld.com/western-sahara/maps/western-sahara-political-map.jpg
RUANDA;KIGALI;https://www.geoenciclopedia.com/wp-content/uploads/2018/11/ruanda_250.jpg;11 772 000;https://www.mapsofworld.com/rwanda/maps/rwanda-political-map.jpg
RUMANIA;BUCAREST;https://www.geoenciclopedia.com/wp-content/uploads/2018/11/rumania_250.jpg;19 659 000;https://espanol.mapsofworld.com/wp-content/uploads/2013/12/mapa-de-rumania.jpg
RUSIA;MOSC�;https://www.geoenciclopedia.com/wp-content/uploads/2018/11/rusia_250.jpg;146 823 000;https://images.mapsofworld.com/wp-content/uploads/2011/09/rusia-mapa-politico.jpg
SAMOA;APIA;https://www.geoenciclopedia.com/wp-content/uploads/2018/11/samoa_250.jpg;196 000;https://www.ecured.cu/images/thumb/c/c4/Samoa-mapa.JPG/250px-Samoa-mapa.JPG 
SAN CRIST�BAL Y NIEVES;BASSETERRE;https://www.geoenciclopedia.com/wp-content/uploads/2018/11/sancristobal-nieves_250.png;46 000.;https://i.pinimg.com/originals/4f/04/d0/4f04d00c3e5d649512c4562a258d7eaf.jpg 
SAN MARINO;CIUDAD DE SAN MARINO;https://www.geoenciclopedia.com/wp-content/uploads/2018/11/san-marino_250.jpg;33 000;https://images.mapsofworld.com/wp-content/uploads/2014/08/san-marino-political-Map.jpg 
SAN VICENTE Y LAS GRANADINAS;KINGSTOWN;https://www.geoenciclopedia.com/wp-content/uploads/2018/11/san-vicente_250.jpg;110 000;https://i.pinimg.com/originals/2c/bc/5e/2cbc5e48b5ce221c51652aface569ce8.jpg 
SANTA LUCIA;CASTRIES;http://www.bandetex.com/resources/archivosbd/productos_galeria/f6bfb4bbf602ccc0ce89edf3ef32b224.jpg;173 000;https://i.pinimg.com/originals/66/ba/22/66ba22d89dafda495f51ecec50ac7490.jpg 
SANTO TOM� Y PR�NCIPE;SANTO TOM�;https://www.geoenciclopedia.com/wp-content/uploads/2018/11/san-vicente_250.jpg;201 000;https://i.pinimg.com/originals/65/fb/a2/65fba2f6ab0df50abc8291fbe7d6bc80.jpg 
SENEGAL;DAKAR;https://www.geoenciclopedia.com/wp-content/uploads/2018/11/senegal_250.jpg;15 029 000;https://www.mapsofworld.com/senegal/maps/senegal-map.jpg
SERBIA;BELGRADO;https://www.geoenciclopedia.com/wp-content/uploads/2018/11/serbia_250.jpg;7 056 000;https://images.mapsofworld.com/wp-content/uploads/2014/08/Serbia-political-map.jpg
SEYCHELLES;VICTORIA;https://www.geoenciclopedia.com/wp-content/uploads/2018/11/seychelles_250.jpg;97 000;https://espanol.mapsofworld.com/wp-content/uploads/2013/12/islas-seychelles-mapa.jpg
SIERRA LEONA;FREETOWN;https://www.geoenciclopedia.com/wp-content/uploads/2018/11/sierra-leone_250.jpg;7 323 000;https://i.pinimg.com/236x/73/5c/df/735cdf1dad2d48c2e251d73231baeb55--sierra-leona-leone.jpg
SINGAPUR;SINGAPUR;https://www.geoenciclopedia.com/wp-content/uploads/2018/11/singapur_250.jpg;5 644 000;https://images.mapsofworld.com/wp-content/uploads/2014/12/singapur-mapa-pol%C3%ADtico.jpg
SIRIA;DAMASCO;https://www.geoenciclopedia.com/wp-content/uploads/2018/11/Siria_250.jpg;24 136 000;https://espanol.mapsofworld.com/wp-content/uploads/2013/12/mapa-de-siria.jpg
SOMALIA;MOGADISCIO;https://www.geoenciclopedia.com/wp-content/uploads/2018/11/somalia_250.jpg;13 095 000;https://www.mapsofworld.com/somalia/maps/somalia-political-map.jpg
SRI LANKA;COLOMBO;https://www.geoenciclopedia.com/wp-content/uploads/2018/11/sri-lanka_250.jpg;21 337 000;https://images.mapsofworld.com/wp-content/uploads/2014/12/sri-lanka-mapa-politico.jpg
SUAZILANDIA;MBABANE;https://www.geoenciclopedia.com/wp-content/uploads/2018/11/suazilandia_250.jpg;1 139 000;https://www.mapsofworld.com/swaziland/maps/map-of-swaziland.jpg
SUD�FRICA;PRETORIA, CIUDAD DEL CABO, BLOEMFONTEIN;https://www.geoenciclopedia.com/wp-content/uploads/2018/11/sudafrica_250.jpg;56 084 000.;https://espanol.mapsofworld.com/wp-content/uploads/2012/09/mapa-de-sud%C3%A1frica.gif
SUD�N DEL NORTE;JARTUM;https://www.geoenciclopedia.com/wp-content/uploads/2018/11/sudan_250.jpg;13 657 000;https://www.infolaso.com/images/stories/banderas/sudandelnortemapa.gif
SUD�N DEL SUR;YUBA;https://www.ripleybelieves.com/img/world-facts-2018/what-do-colors-and-symbols-of-flag-of-south-sudan-mean.jpg;40 197 000;https://www.eda.admin.ch/content/dam/eda/img/Laenderkarten/South_Sudan_Landersite_es_Map_web.jpg/_jcr_content/renditions/cq5dam.thumbnail.588.368.png
SUECIA;ESTOCOLMO;https://www.geoenciclopedia.com/wp-content/uploads/2018/11/suecia_250.jpg;9 977 000;https://espanol.mapsofworld.com/wp-content/uploads/2013/12/mapa-de-suecia.jpg
SUIZA;BERNA;https://www.lifeder.com/wp-content/uploads/2017/08/bandera-de-suiza-1280x720.jpg;8 402 000;https://images.mapsofworld.com/wp-content/uploads/2013/05/switzerland-political.jpg
SURINAM;PARAMARIBO;https://www.geoenciclopedia.com/wp-content/uploads/2018/11/surinam_250.jpg;570 000;https://viajeaamerica.com/wp-content/uploads/2014/05/suriname.jpg
TAILANDIA;BANGKOK;https://www.geoenciclopedia.com/wp-content/uploads/2018/11/tailandia_250.jpg;67 526 000;https://espanol.mapsofworld.com/wp-content/uploads/2013/12/tailandia-mapa.jpg
TAIWAN;TAIPEH;https://www.geoenciclopedia.com/wp-content/uploads/2018/10/china.jpg;23 078 000 000;https://images.mapsofworld.com/wp-content/uploads/2014/12/taiwan-mapa-pol%C3%ADtico.jpg 
TANZANIA;DODOMA;https://www.geoenciclopedia.com/wp-content/uploads/2018/11/tanzania_250.jpg;50 869 000;https://www.mapsofworld.com/tanzania/maps/tanzania-political-map.jpg
TAYIKIST�N;DUSAMB�;https://www.geoenciclopedia.com/wp-content/uploads/2018/11/tajikistan_250.jpg;8 747 000;https://thumbs.dreamstime.com/z/la-rep%C3%BAblica-de-tayikist%C3%A1n-mapa-del-vector-99635383.jpg
TIMOR ORIENTAL;DILI;https://www.geoenciclopedia.com/wp-content/uploads/2018/11/timor-oriental_250.jpg;1 221 000;http://www.nanduti.com.py/wp-content/uploads/2016/04/Timor-oriental.jpg
TOGO;LOM�;https://www.geoenciclopedia.com/wp-content/uploads/2018/11/Togo_250.jpg;Togo;https://www.mapsofworld.com/togo/maps/togo-political-map.jpg
TONGA;NUKU'ALOFA;https://www.geoenciclopedia.com/wp-content/uploads/2018/11/Tonga_250.jpg;100 000;https://www.mapsofworld.com/tonga/maps/tonga-political-map.jpg
TRINIDAD Y TOBAGO;PUERTO ESPA�A;https://www.geoenciclopedia.com/wp-content/uploads/2018/11/trinidad-tobago_250.jpg;1 357 000;https://thumbs.dreamstime.com/z/mapa-pol%C3%ADtico-de-trinidad-tobago-104478506.jpg
T�NEZ;T�NEZ;https://www.geoenciclopedia.com/wp-content/uploads/2018/11/tunez_250.jpg;11 334 000;https://previews.123rf.com/images/rusak/rusak0809/rusak080900131/3524723-resumen-de-vectores-de-color-mapa-de-t%C3%BAnez-pa%C3%ADs.jpg
TURKMENIST�N;ASJABAD;https://www.geoenciclopedia.com/wp-content/uploads/2018/11/Turmequistan_250.jpg;4 996 000;https://thumbs.dreamstime.com/z/turkmenist%C3%A1n-mapa-de-un-pa%C3%ADs-84721863.jpg
TURQU�A;ANKARA;https://www.geoenciclopedia.com/wp-content/uploads/2018/11/turquia_250.jpg;79 806 000;https://espanol.mapsofworld.com/wp-content/uploads/2013/12/turquia-mapa.jpg
TUVALU;FUNAFUTI;https://www.geoenciclopedia.com/wp-content/uploads/2018/11/Tuvalu_250.jpg;10 000;https://previews.123rf.com/images/peterhermesfurian/peterhermesfurian1607/peterhermesfurian160700059/59848829-mapa-pol%C3%ADtico-con-el-capital-funafuti-tuvalu-y-pueblos-importantes-anteriormente-conocido-como-las-isl.jpg
UCRANIA;KIEV;https://www.geoenciclopedia.com/wp-content/uploads/2018/11/ucrania_250.jpg;42 594 000;https://espanol.mapsofworld.com/wp-content/uploads/2013/12/mapa-de-ucrania.jpg
UGANDA;KAMPALA;https://www.geoenciclopedia.com/wp-content/uploads/2018/11/Uganda_250.jpg;37 151 000;https://www.mapsofworld.com/uganda/maps/uganda-political-map.jpg
URUGUAY;MONTEVIDEO;https://sooluciona.com/wp-content/uploads/2019/03/bandera-de-uruguay.jpg;3 487 000;https://espanol.mapsofworld.com/wp-content/uploads/2011/09/mapa-uruguay.jpg
UZBEKIST�N;TASHKENT;https://www.geoenciclopedia.com/wp-content/uploads/2018/11/uzbequistan_250.jpg;32 707 000;https://previews.123rf.com/images/peterhermesfurian/peterhermesfurian1607/peterhermesfurian160700047/63913729-mapa-pol%C3%ADtico-con-uzbekist%C3%A1n-tashkent-capital-de-las-fronteras-nacionales-ciudades-importantes-r%C3%ADos-y-lago.jpg
VANUATU;PORT VILA;https://www.geoenciclopedia.com/wp-content/uploads/2018/11/vanuatu_250.jpg;294 000;https://images.mapsofworld.com/wp-content/uploads/2015/06/vanuatu-map.jpg
VATICANO;CIUDAD DEL VATICANO;https://www.geoenciclopedia.com/wp-content/uploads/2018/11/vaticano_250.jpg;825;https://www.estaentumundo.com/wp-content/imagenes/mapa_vaticano.png
VENEZUELA;CARACAS;https://www.geoenciclopedia.com/wp-content/uploads/2018/11/venezuela_250.jpg;31 236 000;https://espanol.mapsofworld.com/wp-content/uploads/2011/09/mapa-de-venezuela.jpg
VIETNAM;HANOI;https://www.geoenciclopedia.com/wp-content/uploads/2018/11/vietnam_250.jpg;93 201 000;https://espanol.mapsofworld.com/wp-content/uploads/2013/12/mapa-de-vietnam.jpg
YEMEN;SAN�;https://www.geoenciclopedia.com/wp-content/uploads/2018/11/yemen_250.jpg;27 943 000;https://upload.wikimedia.org/wikipedia/commons/thumb/8/8c/Governorates_of_Yemen_named.svg/420px-Governorates_of_Yemen_named.svg.png
YIBUTI;YIBUTI;https://www.geoenciclopedia.com/wp-content/uploads/2018/11/djibouti_250.jpg;1 006 000;https://www.mapsofworld.com/djibouti/maps/djibouti-political-map.jpg
ZAMBIA;LUSAKA;https://www.geoenciclopedia.com/wp-content/uploads/2018/11/zambia_250.jpg;16 170 000;https://images.mapsofworld.com/wp-content/uploads/2015/04/zambia-pol%C3%ADtico-mapa.jpg
ZIMBABUE;HARARE;https://www.geoenciclopedia.com/wp-content/uploads/2018/11/zimbawe_250.jpg;13 741 000;https://previews.123rf.com/images/pavalena/pavalena1405/pavalena140500014/29418244-rep%C3%BAblica-de-zimbabwe-mapa-vectorial.jpg
